"indicator","year","value","population_group","unit","disease","sex"
"crude_mortality",2021,158.7,"urban","per 100,000 population","malignant_neoplasms","all"
"crude_mortality",2020,161.4,"urban","per 100,000 population","malignant_neoplasms","all"
"crude_mortality",2019,161.56,"urban","per 100,000 population","malignant_neoplasms","all"
"crude_mortality",2018,163.18,"urban","per 100,000 population","malignant_neoplasms","all"
"crude_mortality",2017,160.72,"urban","per 100,000 population","malignant_neoplasms","all"
"crude_mortality",2016,160.07,"urban","per 100,000 population","malignant_neoplasms","all"
"crude_mortality",2021,24.15,"urban","per 100,000 population","endocrine_nutritional_metabolic_diseases","all"
"crude_mortality",2020,22.79,"urban","per 100,000 population","endocrine_nutritional_metabolic_diseases","all"
"crude_mortality",2019,21.44,"urban","per 100,000 population","endocrine_nutritional_metabolic_diseases","all"
"crude_mortality",2018,21.15,"urban","per 100,000 population","endocrine_nutritional_metabolic_diseases","all"
"crude_mortality",2017,20.52,"urban","per 100,000 population","endocrine_nutritional_metabolic_diseases","all"
"crude_mortality",2016,20.43,"urban","per 100,000 population","endocrine_nutritional_metabolic_diseases","all"
"crude_mortality",2021,165.37,"urban","per 100,000 population","heart_disease","all"
"crude_mortality",2020,155.86,"urban","per 100,000 population","heart_disease","all"
"crude_mortality",2019,148.51,"urban","per 100,000 population","heart_disease","all"
"crude_mortality",2018,146.34,"urban","per 100,000 population","heart_disease","all"
"crude_mortality",2017,141.61,"urban","per 100,000 population","heart_disease","all"
"crude_mortality",2016,138.7,"urban","per 100,000 population","heart_disease","all"
"crude_mortality",2021,140.02,"urban","per 100,000 population","cerebrovascular_disease","all"
"crude_mortality",2020,135.18,"urban","per 100,000 population","cerebrovascular_disease","all"
"crude_mortality",2019,129.41,"urban","per 100,000 population","cerebrovascular_disease","all"
"crude_mortality",2018,128.88,"urban","per 100,000 population","cerebrovascular_disease","all"
"crude_mortality",2017,126.58,"urban","per 100,000 population","cerebrovascular_disease","all"
"crude_mortality",2016,126.41,"urban","per 100,000 population","cerebrovascular_disease","all"
"crude_mortality",2021,54.49,"urban","per 100,000 population","respiratory_diseases","all"
"crude_mortality",2020,55.36,"urban","per 100,000 population","respiratory_diseases","all"
"crude_mortality",2019,65.02,"urban","per 100,000 population","respiratory_diseases","all"
"crude_mortality",2018,68.02,"urban","per 100,000 population","respiratory_diseases","all"
"crude_mortality",2017,67.2,"urban","per 100,000 population","respiratory_diseases","all"
"crude_mortality",2016,69.03,"urban","per 100,000 population","respiratory_diseases","all"
"crude_mortality",2021,200.1,"urban","per 100,000 population","malignant_neoplasms","male"
"crude_mortality",2020,202,"urban","per 100,000 population","malignant_neoplasms","male"
"crude_mortality",2019,203.01,"urban","per 100,000 population","malignant_neoplasms","male"
"crude_mortality",2018,205,"urban","per 100,000 population","malignant_neoplasms","male"
"crude_mortality",2017,201.53,"urban","per 100,000 population","malignant_neoplasms","male"
"crude_mortality",2016,200.97,"urban","per 100,000 population","malignant_neoplasms","male"
"crude_mortality",2021,24.31,"urban","per 100,000 population","endocrine_nutritional_metabolic_diseases","male"
"crude_mortality",2020,22.41,"urban","per 100,000 population","endocrine_nutritional_metabolic_diseases","male"
"crude_mortality",2019,21.08,"urban","per 100,000 population","endocrine_nutritional_metabolic_diseases","male"
"crude_mortality",2018,20.47,"urban","per 100,000 population","endocrine_nutritional_metabolic_diseases","male"
"crude_mortality",2017,19.61,"urban","per 100,000 population","endocrine_nutritional_metabolic_diseases","male"
"crude_mortality",2016,19.42,"urban","per 100,000 population","endocrine_nutritional_metabolic_diseases","male"
"crude_mortality",2021,171.26,"urban","per 100,000 population","heart_disease","male"
"crude_mortality",2020,159.09,"urban","per 100,000 population","heart_disease","male"
"crude_mortality",2019,153.46,"urban","per 100,000 population","heart_disease","male"
"crude_mortality",2018,150.13,"urban","per 100,000 population","heart_disease","male"
"crude_mortality",2017,144.81,"urban","per 100,000 population","heart_disease","male"
"crude_mortality",2016,142.3,"urban","per 100,000 population","heart_disease","male"
"crude_mortality",2021,155.32,"urban","per 100,000 population","cerebrovascular_disease","male"
"crude_mortality",2020,149.87,"urban","per 100,000 population","cerebrovascular_disease","male"
"crude_mortality",2019,142.84,"urban","per 100,000 population","cerebrovascular_disease","male"
"crude_mortality",2018,141.63,"urban","per 100,000 population","cerebrovascular_disease","male"
"crude_mortality",2017,139.11,"urban","per 100,000 population","cerebrovascular_disease","male"
"crude_mortality",2016,139.5,"urban","per 100,000 population","cerebrovascular_disease","male"
"crude_mortality",2021,67.3,"urban","per 100,000 population","respiratory_diseases","male"
"crude_mortality",2020,67.15,"urban","per 100,000 population","respiratory_diseases","male"
"crude_mortality",2019,77.68,"urban","per 100,000 population","respiratory_diseases","male"
"crude_mortality",2018,80.25,"urban","per 100,000 population","respiratory_diseases","male"
"crude_mortality",2017,78.75,"urban","per 100,000 population","respiratory_diseases","male"
"crude_mortality",2016,79.65,"urban","per 100,000 population","respiratory_diseases","male"
"crude_mortality",2021,116.76,"urban","per 100,000 population","malignant_neoplasms","female"
"crude_mortality",2020,119.53,"urban","per 100,000 population","malignant_neoplasms","female"
"crude_mortality",2019,118.95,"urban","per 100,000 population","malignant_neoplasms","female"
"crude_mortality",2018,120.01,"urban","per 100,000 population","malignant_neoplasms","female"
"crude_mortality",2017,118.68,"urban","per 100,000 population","malignant_neoplasms","female"
"crude_mortality",2016,118.05,"urban","per 100,000 population","malignant_neoplasms","female"
"crude_mortality",2021,23.99,"urban","per 100,000 population","endocrine_nutritional_metabolic_diseases","female"
"crude_mortality",2020,23.19,"urban","per 100,000 population","endocrine_nutritional_metabolic_diseases","female"
"crude_mortality",2019,21.82,"urban","per 100,000 population","endocrine_nutritional_metabolic_diseases","female"
"crude_mortality",2018,21.85,"urban","per 100,000 population","endocrine_nutritional_metabolic_diseases","female"
"crude_mortality",2017,21.46,"urban","per 100,000 population","endocrine_nutritional_metabolic_diseases","female"
"crude_mortality",2016,21.47,"urban","per 100,000 population","endocrine_nutritional_metabolic_diseases","female"
"crude_mortality",2021,159.4,"urban","per 100,000 population","heart_disease","female"
"crude_mortality",2020,152.52,"urban","per 100,000 population","heart_disease","female"
"crude_mortality",2019,143.42,"urban","per 100,000 population","heart_disease","female"
"crude_mortality",2018,142.42,"urban","per 100,000 population","heart_disease","female"
"crude_mortality",2017,138.32,"urban","per 100,000 population","heart_disease","female"
"crude_mortality",2016,135,"urban","per 100,000 population","heart_disease","female"
"crude_mortality",2021,124.52,"urban","per 100,000 population","cerebrovascular_disease","female"
"crude_mortality",2020,120.02,"urban","per 100,000 population","cerebrovascular_disease","female"
"crude_mortality",2019,115.6,"urban","per 100,000 population","cerebrovascular_disease","female"
"crude_mortality",2018,115.72,"urban","per 100,000 population","cerebrovascular_disease","female"
"crude_mortality",2017,113.68,"urban","per 100,000 population","cerebrovascular_disease","female"
"crude_mortality",2016,112.95,"urban","per 100,000 population","cerebrovascular_disease","female"
"crude_mortality",2021,41.51,"urban","per 100,000 population","respiratory_diseases","female"
"crude_mortality",2020,43.2,"urban","per 100,000 population","respiratory_diseases","female"
"crude_mortality",2019,52,"urban","per 100,000 population","respiratory_diseases","female"
"crude_mortality",2018,55.39,"urban","per 100,000 population","respiratory_diseases","female"
"crude_mortality",2017,55.3,"urban","per 100,000 population","respiratory_diseases","female"
"crude_mortality",2016,58.12,"urban","per 100,000 population","respiratory_diseases","female"
"crude_mortality",2021,167.06,"rural","per 100,000 population","malignant_neoplasms","all"
"crude_mortality",2020,161.85,"rural","per 100,000 population","malignant_neoplasms","all"
"crude_mortality",2019,160.96,"rural","per 100,000 population","malignant_neoplasms","all"
"crude_mortality",2018,158.61,"rural","per 100,000 population","malignant_neoplasms","all"
"crude_mortality",2017,156.7,"rural","per 100,000 population","malignant_neoplasms","all"
"crude_mortality",2016,155.83,"rural","per 100,000 population","malignant_neoplasms","all"
"crude_mortality",2021,21.09,"rural","per 100,000 population","endocrine_nutritional_metabolic_diseases","all"
"crude_mortality",2020,19.01,"rural","per 100,000 population","endocrine_nutritional_metabolic_diseases","all"
"crude_mortality",2019,17.8,"rural","per 100,000 population","endocrine_nutritional_metabolic_diseases","all"
"crude_mortality",2018,17.01,"rural","per 100,000 population","endocrine_nutritional_metabolic_diseases","all"
"crude_mortality",2017,16.34,"rural","per 100,000 population","endocrine_nutritional_metabolic_diseases","all"
"crude_mortality",2016,15.72,"rural","per 100,000 population","endocrine_nutritional_metabolic_diseases","all"
"crude_mortality",2021,188.58,"rural","per 100,000 population","heart_disease","all"
"crude_mortality",2020,171.36,"rural","per 100,000 population","heart_disease","all"
"crude_mortality",2019,164.66,"rural","per 100,000 population","heart_disease","all"
"crude_mortality",2018,162.12,"rural","per 100,000 population","heart_disease","all"
"crude_mortality",2017,154.4,"rural","per 100,000 population","heart_disease","all"
"crude_mortality",2016,151.18,"rural","per 100,000 population","heart_disease","all"
"crude_mortality",2021,175.58,"rural","per 100,000 population","cerebrovascular_disease","all"
"crude_mortality",2020,164.77,"rural","per 100,000 population","cerebrovascular_disease","all"
"crude_mortality",2019,158.63,"rural","per 100,000 population","cerebrovascular_disease","all"
"crude_mortality",2018,160.19,"rural","per 100,000 population","cerebrovascular_disease","all"
"crude_mortality",2017,157.48,"rural","per 100,000 population","cerebrovascular_disease","all"
"crude_mortality",2016,158.15,"rural","per 100,000 population","cerebrovascular_disease","all"
"crude_mortality",2021,65.23,"rural","per 100,000 population","respiratory_diseases","all"
"crude_mortality",2020,63.64,"rural","per 100,000 population","respiratory_diseases","all"
"crude_mortality",2019,74.61,"rural","per 100,000 population","respiratory_diseases","all"
"crude_mortality",2018,77.67,"rural","per 100,000 population","respiratory_diseases","all"
"crude_mortality",2017,78.57,"rural","per 100,000 population","respiratory_diseases","all"
"crude_mortality",2016,81.72,"rural","per 100,000 population","respiratory_diseases","all"
"crude_mortality",2021,213.11,"rural","per 100,000 population","malignant_neoplasms","male"
"crude_mortality",2020,206.72,"rural","per 100,000 population","malignant_neoplasms","male"
"crude_mortality",2019,206.64,"rural","per 100,000 population","malignant_neoplasms","male"
"crude_mortality",2018,202.86,"rural","per 100,000 population","malignant_neoplasms","male"
"crude_mortality",2017,200.8,"rural","per 100,000 population","malignant_neoplasms","male"
"crude_mortality",2016,199.41,"rural","per 100,000 population","malignant_neoplasms","male"
"crude_mortality",2021,19.42,"rural","per 100,000 population","endocrine_nutritional_metabolic_diseases","male"
"crude_mortality",2020,17.54,"rural","per 100,000 population","endocrine_nutritional_metabolic_diseases","male"
"crude_mortality",2019,16.12,"rural","per 100,000 population","endocrine_nutritional_metabolic_diseases","male"
"crude_mortality",2018,15.36,"rural","per 100,000 population","endocrine_nutritional_metabolic_diseases","male"
"crude_mortality",2017,14.5,"rural","per 100,000 population","endocrine_nutritional_metabolic_diseases","male"
"crude_mortality",2016,13.9,"rural","per 100,000 population","endocrine_nutritional_metabolic_diseases","male"
"crude_mortality",2021,192.09,"rural","per 100,000 population","heart_disease","male"
"crude_mortality",2020,174.87,"rural","per 100,000 population","heart_disease","male"
"crude_mortality",2019,167.63,"rural","per 100,000 population","heart_disease","male"
"crude_mortality",2018,166,"rural","per 100,000 population","heart_disease","male"
"crude_mortality",2017,157.86,"rural","per 100,000 population","heart_disease","male"
"crude_mortality",2016,154.07,"rural","per 100,000 population","heart_disease","male"
"crude_mortality",2021,192.41,"rural","per 100,000 population","cerebrovascular_disease","male"
"crude_mortality",2020,181.64,"rural","per 100,000 population","cerebrovascular_disease","male"
"crude_mortality",2019,175.18,"rural","per 100,000 population","cerebrovascular_disease","male"
"crude_mortality",2018,176.06,"rural","per 100,000 population","cerebrovascular_disease","male"
"crude_mortality",2017,173.97,"rural","per 100,000 population","cerebrovascular_disease","male"
"crude_mortality",2016,173.81,"rural","per 100,000 population","cerebrovascular_disease","male"
"crude_mortality",2021,77.67,"rural","per 100,000 population","respiratory_diseases","male"
"crude_mortality",2020,74.55,"rural","per 100,000 population","respiratory_diseases","male"
"crude_mortality",2019,85.39,"rural","per 100,000 population","respiratory_diseases","male"
"crude_mortality",2018,87.83,"rural","per 100,000 population","respiratory_diseases","male"
"crude_mortality",2017,88.18,"rural","per 100,000 population","respiratory_diseases","male"
"crude_mortality",2016,90.54,"rural","per 100,000 population","respiratory_diseases","male"
"crude_mortality",2021,119.11,"rural","per 100,000 population","malignant_neoplasms","female"
"crude_mortality",2020,115.51,"rural","per 100,000 population","malignant_neoplasms","female"
"crude_mortality",2019,113.78,"rural","per 100,000 population","malignant_neoplasms","female"
"crude_mortality",2018,112.71,"rural","per 100,000 population","malignant_neoplasms","female"
"crude_mortality",2017,111.06,"rural","per 100,000 population","malignant_neoplasms","female"
"crude_mortality",2016,110.45,"rural","per 100,000 population","malignant_neoplasms","female"
"crude_mortality",2021,22.83,"rural","per 100,000 population","endocrine_nutritional_metabolic_diseases","female"
"crude_mortality",2020,20.52,"rural","per 100,000 population","endocrine_nutritional_metabolic_diseases","female"
"crude_mortality",2019,19.52,"rural","per 100,000 population","endocrine_nutritional_metabolic_diseases","female"
"crude_mortality",2018,18.72,"rural","per 100,000 population","endocrine_nutritional_metabolic_diseases","female"
"crude_mortality",2017,18.24,"rural","per 100,000 population","endocrine_nutritional_metabolic_diseases","female"
"crude_mortality",2016,17.61,"rural","per 100,000 population","endocrine_nutritional_metabolic_diseases","female"
"crude_mortality",2021,184.93,"rural","per 100,000 population","heart_disease","female"
"crude_mortality",2020,167.74,"rural","per 100,000 population","heart_disease","female"
"crude_mortality",2019,161.59,"rural","per 100,000 population","heart_disease","female"
"crude_mortality",2018,158.1,"rural","per 100,000 population","heart_disease","female"
"crude_mortality",2017,150.81,"rural","per 100,000 population","heart_disease","female"
"crude_mortality",2016,148.17,"rural","per 100,000 population","heart_disease","female"
"crude_mortality",2021,158.06,"rural","per 100,000 population","cerebrovascular_disease","female"
"crude_mortality",2020,147.34,"rural","per 100,000 population","cerebrovascular_disease","female"
"crude_mortality",2019,141.54,"rural","per 100,000 population","cerebrovascular_disease","female"
"crude_mortality",2018,143.73,"rural","per 100,000 population","cerebrovascular_disease","female"
"crude_mortality",2017,140.4,"rural","per 100,000 population","cerebrovascular_disease","female"
"crude_mortality",2016,141.84,"rural","per 100,000 population","cerebrovascular_disease","female"
"crude_mortality",2021,52.27,"rural","per 100,000 population","respiratory_diseases","female"
"crude_mortality",2020,52.38,"rural","per 100,000 population","respiratory_diseases","female"
"crude_mortality",2019,63.47,"rural","per 100,000 population","respiratory_diseases","female"
"crude_mortality",2018,67.13,"rural","per 100,000 population","respiratory_diseases","female"
"crude_mortality",2017,68.62,"rural","per 100,000 population","respiratory_diseases","female"
"crude_mortality",2016,72.54,"rural","per 100,000 population","respiratory_diseases","female"
